,MeetingDate,WasScheduled?,DecidedRate,PreviousRate,NextRate,Sentiment
0,1954-09-22,1,1.06,,1.28,Hold-Hawkish
1,1954-12-07,1,1.28,1.06,1.39,Hawkish
2,1955-01-11,1,1.39,1.28,1.35,Hawkish
3,1955-03-02,1,1.35,1.39,1.43,Hold-Hawkish
4,1955-05-10,1,1.43,1.35,1.64,Hold-Hawkish
5,1955-06-22,1,1.64,1.43,1.68,Hawkish
6,1955-07-12,1,1.68,1.64,1.96,Hold-Hawkish
7,1955-08-02,1,1.96,1.68,1.96,Hawkish
8,1955-08-23,1,1.96,1.96,2.18,Hold-Hawkish
9,1955-09-14,1,2.18,1.96,2.18,Hawkish
10,1955-09-26,0,2.18,2.18,2.24,Hold-Hawkish
11,1955-10-04,1,2.24,2.18,2.24,Hold
12,1955-10-25,1,2.24,2.24,2.35,Hold-Hawkish
13,1955-11-16,1,2.35,2.24,2.35,Hawkish
14,1955-11-30,0,2.35,2.35,2.48,Hold-Hawkish
15,1955-12-08,0,2.48,2.35,2.48,Hawkish
16,1955-12-13,1,2.48,2.48,2.45,Hold-Doveish
17,1956-01-10,1,2.45,2.48,2.45,Hold
18,1956-01-24,1,2.45,2.45,2.5,Hold-Hawkish
19,1956-02-15,1,2.5,2.45,2.5,Hold
20,1956-03-06,1,2.5,2.5,2.5,Hold
21,1956-03-27,1,2.5,2.5,2.62,Hold-Hawkish
22,1956-04-17,1,2.62,2.5,2.62,Hawkish
23,1956-04-18,1,2.62,2.62,2.75,Hold-Hawkish
24,1956-05-09,1,2.75,2.62,2.75,Hawkish
25,1956-05-23,1,2.75,2.75,2.71,Hold-Doveish
26,1956-06-05,1,2.71,2.75,2.71,Hold
27,1956-06-26,1,2.71,2.71,2.75,Hold-Hawkish
28,1956-07-17,1,2.75,2.71,2.73,Hold-Doveish
29,1956-08-07,1,2.73,2.75,2.73,Hold
30,1956-08-21,1,2.73,2.73,2.95,Hold-Hawkish
31,1956-09-11,1,2.95,2.73,2.95,Hawkish
32,1956-09-25,1,2.95,2.95,2.96,Hold-Hawkish
33,1956-10-16,1,2.96,2.95,2.88,Hold-Doveish
34,1956-11-13,1,2.88,2.96,2.88,Hold
35,1956-11-27,1,2.88,2.88,2.94,Hold-Hawkish
36,1956-12-10,1,2.94,2.88,2.84,Hold-Doveish
37,1957-01-08,1,2.84,2.94,2.84,Doveish
38,1957-01-28,1,2.84,2.84,3.0,Hold-Hawkish
39,1957-02-18,1,3.0,2.84,2.96,Hawkish
40,1957-03-05,1,2.96,3.0,2.96,Hold
41,1957-03-26,1,2.96,2.96,3.0,Hold-Hawkish
42,1957-04-16,1,3.0,2.96,3.0,Hold
43,1957-04-24,0,3.0,3.0,3.0,Hold
44,1957-05-07,1,3.0,3.0,3.0,Hold
45,1957-05-28,1,3.0,3.0,3.0,Hold
46,1957-06-18,1,3.0,3.0,2.99,Hold-Doveish
47,1957-07-09,1,2.99,3.0,2.99,Hold
48,1957-07-30,1,2.99,2.99,3.24,Hold-Hawkish
49,1957-08-20,1,3.24,2.99,3.47,Hawkish
50,1957-09-10,1,3.47,3.24,3.5,Hawkish
51,1957-10-01,1,3.5,3.47,3.5,Hold
52,1957-10-22,1,3.5,3.5,3.28,Hold-Doveish
53,1957-11-12,1,3.28,3.5,2.98,Doveish
54,1957-12-03,1,2.98,3.28,2.98,Doveish
55,1957-12-17,1,2.98,2.98,2.72,Hold-Doveish
56,1958-01-07,1,2.72,2.98,2.72,Doveish
57,1958-01-28,1,2.72,2.72,1.67,Hold-Doveish
58,1958-02-11,1,1.67,2.72,1.2,Doveish
59,1958-03-04,1,1.2,1.67,1.2,Doveish
60,1958-03-25,1,1.2,1.2,1.26,Hold-Hawkish
61,1958-04-15,1,1.26,1.2,0.63,Hold-Doveish
62,1958-05-06,1,0.63,1.26,0.63,Doveish
63,1958-05-27,1,0.63,0.63,0.93,Hold-Hawkish
64,1958-06-17,1,0.93,0.63,0.68,Hawkish
65,1958-07-08,1,0.68,0.93,0.68,Doveish
66,1958-07-15,0,0.68,0.68,0.68,Hold
67,1958-07-18,0,0.68,0.68,0.68,Hold
68,1958-07-21,0,0.68,0.68,0.68,Hold
69,1958-07-22,0,0.68,0.68,0.68,Hold
70,1958-07-23,0,0.68,0.68,0.68,Hold
71,1958-07-24,0,0.68,0.68,0.68,Hold
72,1958-07-25,0,0.68,0.68,0.68,Hold
73,1958-07-29,1,0.68,0.68,0.68,Hold
74,1958-07-30,0,0.68,0.68,0.68,Hold
75,1958-07-31,0,0.68,0.68,1.53,Hold-Hawkish
76,1958-08-01,0,1.53,0.68,1.53,Hawkish
77,1958-08-04,0,1.53,1.53,1.53,Hold
78,1958-08-19,1,1.53,1.53,1.76,Hold-Hawkish
79,1958-09-09,1,1.76,1.53,1.76,Hawkish
80,1958-09-30,1,1.76,1.76,1.8,Hold-Hawkish
81,1958-10-21,1,1.8,1.76,2.27,Hold-Hawkish
82,1958-11-10,1,2.27,1.8,2.42,Hawkish
83,1958-12-02,1,2.42,2.27,2.42,Hawkish
84,1958-12-16,1,2.42,2.42,2.48,Hold-Hawkish
85,1959-01-06,1,2.48,2.42,2.48,Hold
86,1959-01-27,1,2.48,2.48,2.43,Hold-Doveish
87,1959-02-10,1,2.43,2.48,2.8,Hold-Hawkish
88,1959-03-03,1,2.8,2.43,2.8,Hawkish
89,1959-03-24,1,2.8,2.8,2.96,Hold-Hawkish
90,1959-04-14,1,2.96,2.8,2.9,Hawkish
91,1959-05-05,1,2.9,2.96,2.9,Hold
92,1959-05-26,1,2.9,2.9,3.39,Hold-Hawkish
93,1959-06-16,1,3.39,2.9,3.47,Hawkish
94,1959-07-07,1,3.47,3.39,3.47,Hold
95,1959-07-28,1,3.47,3.47,3.5,Hold-Hawkish
96,1959-08-18,1,3.5,3.47,3.76,Hold-Hawkish
97,1959-09-01,1,3.76,3.5,3.76,Hawkish
98,1959-09-22,1,3.76,3.76,3.98,Hold-Hawkish
99,1959-10-13,1,3.98,3.76,4.0,Hawkish
100,1959-11-04,1,4.0,3.98,4.0,Hold
101,1959-11-24,1,4.0,4.0,3.99,Hold-Doveish
102,1959-12-15,1,3.99,4.0,3.99,Hold
103,1960-01-12,1,3.99,3.99,3.99,Hold
104,1960-01-26,1,3.99,3.99,3.97,Hold-Doveish
105,1960-02-09,1,3.97,3.99,3.84,Hold-Doveish
106,1960-03-01,1,3.84,3.97,3.84,Doveish
107,1960-03-22,1,3.84,3.84,3.92,Hold-Hawkish
108,1960-04-12,1,3.92,3.84,3.85,Hold-Doveish
109,1960-05-03,1,3.85,3.92,3.85,Hold
110,1960-05-24,1,3.85,3.85,3.32,Hold-Doveish
111,1960-06-14,1,3.32,3.85,3.23,Doveish
112,1960-07-06,1,3.23,3.32,3.23,Hold
113,1960-07-26,1,3.23,3.23,2.98,Hold-Doveish
114,1960-08-16,1,2.98,3.23,2.6,Doveish
115,1960-09-13,1,2.6,2.98,2.47,Doveish
116,1960-10-04,1,2.47,2.6,2.47,Doveish
117,1960-10-25,1,2.47,2.47,2.44,Hold-Doveish
118,1960-11-22,1,2.44,2.47,1.98,Hold-Doveish
119,1960-12-13,1,1.98,2.44,1.45,Doveish
120,1961-01-10,1,1.45,1.98,1.45,Doveish
121,1961-01-24,1,1.45,1.45,2.54,Hold-Hawkish
122,1961-02-07,1,2.54,1.45,2.02,Hawkish
123,1961-03-07,1,2.02,2.54,2.02,Doveish
124,1961-03-28,1,2.02,2.02,1.49,Hold-Doveish
125,1961-04-18,1,1.49,2.02,1.98,Doveish
126,1961-05-09,1,1.98,1.49,1.73,Hawkish
127,1961-06-06,1,1.73,1.98,1.73,Doveish
128,1961-06-20,1,1.73,1.73,1.17,Hold-Doveish
129,1961-07-11,1,1.17,1.73,2.0,Doveish
130,1961-08-01,1,2.0,1.17,2.0,Hawkish
131,1961-08-22,1,2.0,2.0,1.88,Hold-Doveish
132,1961-09-12,1,1.88,2.0,2.26,Doveish
133,1961-10-03,1,2.26,1.88,2.26,Hawkish
134,1961-10-24,1,2.26,2.26,2.61,Hold-Hawkish
135,1961-11-14,1,2.61,2.26,2.33,Hawkish
136,1961-12-05,1,2.33,2.61,2.33,Doveish
137,1961-12-19,1,2.33,2.33,2.15,Hold-Doveish
138,1962-01-09,1,2.15,2.33,2.15,Doveish
139,1962-01-23,1,2.15,2.15,2.37,Hold-Hawkish
140,1962-02-13,1,2.37,2.15,2.85,Hawkish
141,1962-03-06,1,2.85,2.37,2.85,Hawkish
142,1962-03-27,1,2.85,2.85,2.78,Hold-Doveish
143,1962-04-17,1,2.78,2.85,2.36,Hold-Doveish
144,1962-05-08,1,2.36,2.78,2.36,Doveish
145,1962-05-29,1,2.36,2.36,2.68,Hold-Hawkish
146,1962-06-19,1,2.68,2.36,2.68,Hawkish
147,1962-06-21,0,2.68,2.68,2.71,Hold-Hawkish
148,1962-07-10,1,2.71,2.68,2.71,Hold
149,1962-07-31,1,2.71,2.71,2.93,Hold-Hawkish
150,1962-08-21,1,2.93,2.71,2.9,Hawkish
151,1962-09-11,1,2.9,2.93,2.9,Hold
152,1962-10-02,1,2.9,2.9,2.9,Hold
153,1962-10-23,1,2.9,2.9,2.94,Hold-Hawkish
154,1962-11-13,1,2.94,2.9,2.93,Hold-Doveish
155,1962-12-04,1,2.93,2.94,2.93,Hold
156,1962-12-18,1,2.93,2.93,2.92,Hold-Doveish
157,1963-01-08,1,2.92,2.93,2.92,Hold
158,1963-01-29,1,2.92,2.92,3.0,Hold-Hawkish
159,1963-02-12,1,3.0,2.92,2.98,Hold-Doveish
160,1963-03-05,1,2.98,3.0,2.98,Hold
161,1963-03-26,1,2.98,2.98,2.9,Hold-Doveish
162,1963-04-16,1,2.9,2.98,3.0,Hold-Hawkish
163,1963-05-07,1,3.0,2.9,3.0,Hawkish
164,1963-05-28,1,3.0,3.0,2.99,Hold-Doveish
165,1963-06-18,1,2.99,3.0,3.02,Hold-Hawkish
166,1963-07-09,1,3.02,2.99,3.02,Hold
167,1963-07-30,1,3.02,3.02,3.49,Hold-Hawkish
168,1963-08-20,1,3.49,3.02,3.48,Hawkish
169,1963-09-10,1,3.48,3.49,3.5,Hold-Hawkish
170,1963-10-01,1,3.5,3.48,3.5,Hold
171,1963-10-22,1,3.5,3.5,3.48,Hold-Doveish
172,1963-11-12,1,3.48,3.5,3.48,Hold
173,1963-11-26,0,3.48,3.48,3.38,Hold-Doveish
174,1963-12-03,1,3.38,3.48,3.38,Doveish
175,1963-12-17,1,3.38,3.38,3.48,Hold-Hawkish
176,1964-01-07,1,3.48,3.38,3.48,Hawkish
177,1964-01-28,1,3.48,3.48,3.48,Hold
178,1964-02-11,1,3.48,3.48,3.43,Hold-Doveish
179,1964-03-03,1,3.43,3.48,3.43,Hold
180,1964-03-24,1,3.43,3.43,3.47,Hold-Hawkish
181,1964-04-14,1,3.47,3.43,3.5,Hold-Hawkish
182,1964-05-05,1,3.5,3.47,3.5,Hold
183,1964-05-26,1,3.5,3.5,3.5,Hold
184,1964-06-17,1,3.5,3.5,3.42,Hold-Doveish
185,1964-07-07,1,3.42,3.5,3.42,Hold
186,1964-07-28,1,3.42,3.42,3.5,Hold-Hawkish
187,1964-08-18,1,3.5,3.42,3.45,Hold-Doveish
188,1964-09-08,1,3.45,3.5,3.45,Hold
189,1964-09-29,1,3.45,3.45,3.36,Hold-Doveish
190,1964-10-20,1,3.36,3.45,3.52,Hold-Hawkish
191,1964-11-10,1,3.52,3.36,3.52,Hawkish
192,1964-11-24,0,3.52,3.52,3.85,Hold-Hawkish
193,1964-12-01,1,3.85,3.52,3.85,Hawkish
194,1964-12-15,1,3.85,3.85,3.9,Hold-Hawkish
195,1965-01-12,1,3.9,3.85,3.98,Hold-Hawkish
196,1965-02-02,1,3.98,3.9,4.04,Hold-Hawkish
197,1965-03-02,1,4.04,3.98,4.04,Hold
198,1965-03-23,1,4.04,4.04,4.09,Hold-Hawkish
199,1965-04-13,1,4.09,4.04,4.1,Hold-Hawkish
200,1965-05-11,1,4.1,4.09,4.1,Hold
201,1965-05-25,1,4.1,4.1,4.04,Hold-Doveish
202,1965-06-15,1,4.04,4.1,4.09,Hold-Hawkish
203,1965-07-13,1,4.09,4.04,4.12,Hold-Hawkish
204,1965-08-10,1,4.12,4.09,4.12,Hold
205,1965-08-31,1,4.12,4.12,4.01,Hold-Doveish
206,1965-09-08,0,4.01,4.12,4.01,Doveish
207,1965-09-28,1,4.01,4.01,4.08,Hold-Hawkish
208,1965-10-12,1,4.08,4.01,4.1,Hold-Hawkish
209,1965-11-02,1,4.1,4.08,4.1,Hold
210,1965-11-04,0,4.1,4.1,4.1,Hold
211,1965-11-23,1,4.1,4.1,4.32,Hold-Hawkish
212,1965-12-14,1,4.32,4.1,4.42,Hawkish
213,1966-01-11,1,4.42,4.32,4.6,Hold-Hawkish
214,1966-02-08,1,4.6,4.42,4.65,Hawkish
215,1966-03-01,1,4.65,4.6,4.65,Hold
216,1966-03-22,1,4.65,4.65,4.67,Hold-Hawkish
217,1966-04-12,1,4.67,4.65,4.9,Hold-Hawkish
218,1966-05-10,1,4.9,4.67,5.17,Hawkish
219,1966-06-07,1,5.17,4.9,5.17,Hawkish
220,1966-06-28,1,5.17,5.17,5.3,Hold-Hawkish
221,1966-07-11,0,5.3,5.17,5.3,Hawkish
222,1966-07-26,1,5.3,5.3,5.53,Hold-Hawkish
223,1966-08-23,1,5.53,5.3,5.4,Hawkish
224,1966-09-13,1,5.4,5.53,5.53,Doveish
225,1966-10-04,1,5.53,5.4,5.76,Hawkish
226,1966-11-01,1,5.76,5.53,5.76,Hawkish
227,1966-11-22,1,5.76,5.76,5.4,Hold-Doveish
228,1966-12-13,1,5.4,5.76,4.94,Doveish
229,1967-01-10,1,4.94,5.4,5.0,Doveish
230,1967-02-07,1,5.0,4.94,4.53,Hold-Doveish
231,1967-03-07,1,4.53,5.0,4.05,Doveish
232,1967-04-04,1,4.05,4.53,3.94,Doveish
233,1967-05-02,1,3.94,4.05,3.94,Doveish
234,1967-05-23,1,3.94,3.94,3.98,Hold-Hawkish
235,1967-06-20,1,3.98,3.94,3.79,Hold-Doveish
236,1967-07-18,1,3.79,3.98,3.9,Doveish
237,1967-08-15,1,3.9,3.79,3.99,Hawkish
238,1967-09-12,1,3.99,3.9,3.88,Hold-Doveish
239,1967-10-03,1,3.88,3.99,3.88,Doveish
240,1967-10-24,1,3.88,3.88,4.13,Hold-Hawkish
241,1967-11-14,1,4.13,3.88,4.13,Hawkish
242,1967-11-27,1,4.13,4.13,4.51,Hold-Hawkish
243,1967-12-12,1,4.51,4.13,4.6,Hawkish
244,1968-01-09,1,4.6,4.51,4.71,Hold-Hawkish
245,1968-02-06,1,4.71,4.6,5.05,Hawkish
246,1968-03-05,1,5.05,4.71,5.05,Hawkish
247,1968-03-14,0,5.05,5.05,5.76,Hold-Hawkish
248,1968-04-02,1,5.76,5.05,5.76,Hawkish
249,1968-04-19,0,5.76,5.76,5.76,Hold
250,1968-04-30,1,5.76,5.76,6.11,Hold-Hawkish
251,1968-05-28,1,6.11,5.76,6.07,Hawkish
252,1968-06-18,1,6.07,6.11,6.02,Hold-Doveish
253,1968-07-16,1,6.02,6.07,6.03,Hold-Hawkish
254,1968-08-13,1,6.03,6.02,6.03,Hold
255,1968-08-19,0,6.03,6.03,5.78,Hold-Doveish
256,1968-09-10,1,5.78,6.03,5.91,Doveish
257,1968-10-08,1,5.91,5.78,5.91,Hawkish
258,1968-10-29,1,5.91,5.91,5.82,Hold-Doveish
259,1968-11-26,1,5.82,5.91,6.02,Hold-Hawkish
260,1968-12-17,1,6.02,5.82,6.3,Hawkish
261,1969-01-14,1,6.3,6.02,6.61,Hawkish
262,1969-02-04,1,6.61,6.3,6.79,Hawkish
263,1969-03-04,1,6.79,6.61,7.41,Hawkish
264,1969-04-01,1,7.41,6.79,7.41,Hawkish
265,1969-04-29,1,7.41,7.41,8.67,Hold-Hawkish
266,1969-05-27,1,8.67,7.41,8.9,Hawkish
267,1969-06-24,1,8.9,8.67,8.61,Hawkish
268,1969-07-15,1,8.61,8.9,9.19,Doveish
269,1969-08-12,1,9.19,8.61,9.15,Hawkish
270,1969-09-09,1,9.15,9.19,9.0,Hold-Doveish
271,1969-10-07,1,9.0,9.15,9.0,Doveish
272,1969-10-28,1,9.0,9.0,8.85,Hold-Doveish
273,1969-11-25,1,8.85,9.0,8.97,Doveish
274,1969-12-16,1,8.97,8.85,8.98,Hawkish
275,1970-01-15,1,8.98,8.97,8.98,Hold
276,1970-02-10,1,8.98,8.98,7.76,Hold-Doveish
277,1970-03-10,1,7.76,8.98,8.1,Doveish
278,1970-04-07,1,8.1,7.76,7.94,Hawkish
279,1970-05-05,1,7.94,8.1,7.94,Doveish
280,1970-05-26,1,7.94,7.94,7.6,Hold-Doveish
281,1970-06-23,1,7.6,7.94,7.21,Doveish
282,1970-07-21,1,7.21,7.6,6.61,Doveish
283,1970-08-18,1,6.61,7.21,6.29,Doveish
284,1970-09-15,1,6.29,6.61,6.2,Doveish
285,1970-10-20,1,6.2,6.29,5.6,Hold-Doveish
286,1970-11-17,1,5.6,6.2,4.9,Doveish
287,1970-12-15,1,4.9,5.6,4.14,Doveish
288,1971-01-12,1,4.14,4.9,3.72,Doveish
289,1971-02-09,1,3.72,4.14,3.71,Doveish
290,1971-03-09,1,3.71,3.72,4.15,Hold-Hawkish
291,1971-04-06,1,4.15,3.71,4.63,Hawkish
292,1971-05-11,1,4.63,4.15,4.91,Hawkish
293,1971-06-08,1,4.91,4.63,4.91,Hawkish
294,1971-06-29,1,4.91,4.91,5.31,Hold-Hawkish
295,1971-07-27,1,5.31,4.91,5.56,Hawkish
296,1971-08-24,1,5.56,5.31,5.55,Hawkish
297,1971-09-21,1,5.55,5.56,5.2,Hold-Doveish
298,1971-10-19,1,5.2,5.55,4.91,Doveish
299,1971-11-16,1,4.91,5.2,4.14,Doveish
300,1971-12-14,1,4.14,4.91,3.5,Doveish
301,1972-01-11,1,3.5,4.14,3.29,Doveish
302,1972-02-14,1,3.29,3.5,3.29,Doveish
303,1972-02-15,1,3.29,3.29,3.83,Hold-Hawkish
304,1972-03-21,1,3.83,3.29,4.17,Hawkish
305,1972-04-17,1,4.17,3.83,4.17,Hawkish
306,1972-04-18,1,4.17,4.17,4.27,Hold-Hawkish
307,1972-05-23,1,4.27,4.17,4.46,Hold-Hawkish
308,1972-06-19,1,4.46,4.27,4.55,Hawkish
309,1972-07-18,1,4.55,4.46,4.8,Hold-Hawkish
310,1972-08-15,1,4.8,4.55,4.87,Hawkish
311,1972-09-19,1,4.87,4.8,5.04,Hold-Hawkish
312,1972-10-17,1,5.04,4.87,5.06,Hawkish
313,1972-11-20,1,5.06,5.04,5.33,Hold-Hawkish
314,1972-12-19,1,5.33,5.06,5.94,Hawkish
315,1973-01-16,1,5.94,5.33,6.58,Hawkish
316,1973-02-13,1,6.58,5.94,7.09,Hawkish
317,1973-03-07,0,7.09,6.58,7.09,Hawkish
318,1973-03-19,1,7.09,7.09,7.12,Hold-Hawkish
319,1973-04-17,1,7.12,7.09,7.84,Hold-Hawkish
320,1973-05-15,1,7.84,7.12,8.49,Hawkish
321,1973-06-18,1,8.49,7.84,10.4,Hawkish
322,1973-07-09,0,10.4,8.49,10.4,Hawkish
323,1973-07-17,1,10.4,10.4,10.5,Hold-Hawkish
324,1973-08-21,1,10.5,10.4,10.78,Hold-Hawkish
325,1973-09-18,1,10.78,10.5,10.01,Hawkish
326,1973-10-02,0,10.01,10.78,10.01,Doveish
327,1973-10-10,0,10.01,10.01,10.01,Hold
328,1973-10-16,1,10.01,10.01,10.03,Hold-Hawkish
329,1973-11-19,1,10.03,10.01,9.95,Hold-Doveish
330,1973-12-17,1,9.95,10.03,9.65,Hold-Doveish
331,1974-01-21,1,9.65,9.95,8.97,Doveish
332,1974-02-20,1,8.97,9.65,9.35,Doveish
333,1974-03-18,1,9.35,8.97,10.51,Hawkish
334,1974-04-15,1,10.51,9.35,11.31,Hawkish
335,1974-05-21,1,11.31,10.51,11.93,Hawkish
336,1974-06-18,1,11.93,11.31,12.92,Hawkish
337,1974-07-05,0,12.92,11.93,12.92,Hawkish
338,1974-07-16,1,12.92,12.92,12.01,Hold-Doveish
339,1974-08-20,1,12.01,12.92,11.34,Doveish
340,1974-09-10,1,11.34,12.01,10.06,Doveish
341,1974-10-14,1,10.06,11.34,9.45,Doveish
342,1974-11-19,1,9.45,10.06,8.53,Doveish
343,1974-12-16,1,8.53,9.45,7.13,Doveish
344,1975-01-20,1,7.13,8.53,6.24,Doveish
345,1975-02-19,1,6.24,7.13,5.54,Doveish
346,1975-03-18,1,5.54,6.24,5.49,Doveish
347,1975-04-14,1,5.49,5.54,5.22,Hold-Doveish
348,1975-05-20,1,5.22,5.49,5.55,Doveish
349,1975-06-16,1,5.55,5.22,6.1,Hawkish
350,1975-07-15,1,6.1,5.55,6.14,Hawkish
351,1975-08-19,1,6.14,6.1,6.24,Hold-Hawkish
352,1975-09-16,1,6.24,6.14,5.82,Hawkish
353,1975-10-21,1,5.82,6.24,5.22,Doveish
354,1975-11-18,1,5.22,5.82,5.2,Doveish
355,1975-12-16,1,5.2,5.22,4.87,Hold-Doveish
356,1976-01-20,1,4.87,5.2,4.77,Doveish
357,1976-02-17,1,4.77,4.87,4.84,Doveish
358,1976-03-15,1,4.84,4.77,4.84,Hold
359,1976-03-29,1,4.84,4.84,4.82,Hold-Doveish
360,1976-04-20,1,4.82,4.84,5.29,Hold-Hawkish
361,1976-05-18,1,5.29,4.82,5.48,Hawkish
362,1976-06-22,1,5.48,5.29,5.31,Hawkish
363,1976-07-19,1,5.31,5.48,5.29,Doveish
364,1976-08-17,1,5.29,5.31,5.25,Hold-Doveish
365,1976-09-21,1,5.25,5.29,5.02,Hold-Doveish
366,1976-10-19,1,5.02,5.25,4.95,Doveish
367,1976-11-08,0,4.95,5.02,4.95,Hold
368,1976-11-16,1,4.95,4.95,4.65,Hold-Doveish
369,1976-12-20,1,4.65,4.95,4.61,Doveish
370,1977-01-17,1,4.61,4.65,4.68,Hold-Hawkish
371,1977-02-15,1,4.68,4.61,4.69,Hold-Hawkish
372,1977-03-15,1,4.69,4.68,4.73,Hold-Hawkish
373,1977-04-19,1,4.73,4.69,5.35,Hold-Hawkish
374,1977-05-17,1,5.35,4.73,5.35,Hawkish
375,1977-05-27,0,5.35,5.35,5.39,Hold-Hawkish
376,1977-06-21,1,5.39,5.35,5.42,Hold-Hawkish
377,1977-07-19,1,5.42,5.39,5.9,Hold-Hawkish
378,1977-08-16,1,5.9,5.42,6.14,Hawkish
379,1977-09-20,1,6.14,5.9,6.47,Hawkish
380,1977-10-17,1,6.47,6.14,6.51,Hawkish
381,1977-11-15,1,6.51,6.47,6.56,Hold-Hawkish
382,1977-12-19,1,6.56,6.51,6.7,Hold-Hawkish
383,1978-01-05,0,6.7,6.56,6.7,Hawkish
384,1978-01-17,1,6.7,6.7,6.78,Hold-Hawkish
385,1978-02-28,1,6.78,6.7,6.79,Hold-Hawkish
386,1978-03-10,0,6.79,6.78,6.79,Hold
387,1978-03-21,1,6.79,6.79,6.89,Hold-Hawkish
388,1978-04-18,1,6.89,6.79,7.36,Hold-Hawkish
389,1978-05-05,0,7.36,6.89,7.36,Hawkish
390,1978-05-16,1,7.36,7.36,7.6,Hold-Hawkish
391,1978-06-20,1,7.6,7.36,7.81,Hawkish
392,1978-07-18,1,7.81,7.6,8.04,Hawkish
393,1978-08-15,1,8.04,7.81,8.45,Hawkish
394,1978-09-08,0,8.45,8.04,8.45,Hawkish
395,1978-09-19,1,8.45,8.45,8.96,Hold-Hawkish
396,1978-10-17,1,8.96,8.45,9.76,Hawkish
397,1978-11-21,1,9.76,8.96,10.03,Hawkish
398,1978-12-19,1,10.03,9.76,10.07,Hawkish
399,1979-01-12,0,10.07,10.03,10.06,Hold-Doveish
400,1979-02-06,1,10.06,10.07,10.09,Hold-Hawkish
401,1979-03-02,0,10.09,10.06,10.09,Hold
402,1979-03-20,1,10.09,10.09,10.01,Hold-Doveish
403,1979-04-17,1,10.01,10.09,10.01,Hold
404,1979-04-27,0,10.01,10.01,10.24,Hold-Hawkish
405,1979-05-22,1,10.24,10.01,10.29,Hawkish
406,1979-06-27,0,10.29,10.24,10.47,Hold-Hawkish
407,1979-07-11,1,10.47,10.29,10.47,Hawkish
408,1979-07-17,0,10.47,10.47,10.47,Hold
409,1979-07-19,0,10.47,10.47,10.94,Hold-Hawkish
410,1979-08-14,1,10.94,10.47,11.43,Hawkish
411,1979-09-18,1,11.43,10.94,13.77,Hawkish
412,1979-10-05,0,13.77,11.43,13.77,Hawkish
413,1979-10-06,1,13.77,13.77,13.77,Hold
414,1979-10-22,0,13.77,13.77,13.18,Hold-Doveish
415,1979-11-20,1,13.18,13.77,13.82,Doveish
416,1980-01-08,1,13.82,13.18,14.13,Hawkish
417,1980-02-04,1,14.13,13.82,17.19,Hawkish
418,1980-03-07,0,17.19,14.13,17.19,Hawkish
419,1980-03-18,1,17.19,17.19,17.61,Hold-Hawkish
420,1980-04-22,1,17.61,17.19,17.61,Hawkish
421,1980-04-29,0,17.61,17.61,10.98,Hold-Doveish
422,1980-05-06,0,10.98,17.61,10.98,Doveish
423,1980-05-20,1,10.98,10.98,9.47,Hold-Doveish
424,1980-06-05,0,9.47,10.98,9.03,Doveish
425,1980-07-09,1,9.03,9.47,9.03,Doveish
426,1980-07-25,0,9.03,9.03,9.61,Hold-Hawkish
427,1980-08-12,1,9.61,9.03,9.61,Hawkish
428,1980-08-22,0,9.61,9.61,10.87,Hold-Hawkish
429,1980-09-16,1,10.87,9.61,12.81,Hawkish
430,1980-10-21,1,12.81,10.87,15.85,Hawkish
431,1980-11-18,1,15.85,12.81,15.85,Hawkish
432,1980-11-26,0,15.85,15.85,18.9,Hold-Hawkish
433,1980-12-05,0,18.9,15.85,18.9,Hawkish
434,1980-12-12,0,18.9,18.9,18.9,Hold
435,1980-12-18,1,18.9,18.9,15.93,Hold-Doveish
436,1981-02-02,1,15.93,18.9,15.93,Doveish
437,1981-02-24,0,15.93,15.93,14.7,Hold-Doveish
438,1981-03-31,1,14.7,15.93,15.72,Doveish
439,1981-04-28,0,15.72,14.7,18.52,Hawkish
440,1981-05-06,0,18.52,15.72,18.52,Hawkish
441,1981-05-18,1,18.52,18.52,19.1,Hold-Hawkish
442,1981-06-17,0,19.1,18.52,19.04,Hawkish
443,1981-07-06,1,19.04,19.1,19.04,Hold
444,1981-07-17,0,19.04,19.04,17.82,Hold-Doveish
445,1981-08-07,0,17.82,19.04,17.82,Doveish
446,1981-08-18,1,17.82,17.82,15.08,Hold-Doveish
447,1981-10-05,1,15.08,17.82,13.31,Doveish
448,1981-11-17,1,13.31,15.08,12.37,Doveish
449,1981-12-21,1,12.37,13.31,14.78,Doveish
450,1982-02-01,1,14.78,12.37,14.68,Hawkish
451,1982-03-29,1,14.68,14.78,14.45,Hold-Doveish
452,1982-05-18,1,14.45,14.68,14.45,Doveish
453,1982-05-20,0,14.45,14.45,14.15,Hold-Doveish
454,1982-06-30,1,14.15,14.45,12.59,Doveish
455,1982-07-15,0,12.59,14.15,10.12,Doveish
456,1982-08-24,1,10.12,12.59,10.31,Doveish
457,1982-09-24,0,10.31,10.12,9.71,Hawkish
458,1982-10-05,1,9.71,10.31,9.2,Doveish
459,1982-11-16,1,9.2,9.71,8.95,Doveish
460,1982-12-20,1,8.95,9.2,8.68,Doveish
461,1983-01-14,0,8.68,8.95,8.68,Doveish
462,1983-01-21,0,8.68,8.68,8.68,Hold
463,1983-01-28,0,8.68,8.68,8.51,Hold-Doveish
464,1983-02-08,1,8.51,8.68,8.77,Doveish
465,1983-03-28,1,8.77,8.51,8.8,Hawkish
466,1983-04-29,0,8.8,8.77,8.63,Hold-Doveish
467,1983-05-24,1,8.63,8.8,8.98,Doveish
468,1983-06-23,0,8.98,8.63,9.37,Hawkish
469,1983-07-12,1,9.37,8.98,9.56,Hawkish
470,1983-08-23,1,9.56,9.37,9.45,Hawkish
471,1983-09-08,0,9.45,9.56,9.48,Doveish
472,1983-10-04,1,9.48,9.45,9.34,Hold-Doveish
473,1983-11-14,1,9.34,9.48,9.47,Doveish
474,1983-12-19,1,9.47,9.34,9.56,Hawkish
475,1984-01-30,1,9.56,9.47,9.91,Hold-Hawkish
476,1984-03-20,0,9.91,9.56,9.91,Hawkish
477,1984-03-26,1,9.91,9.91,10.32,Hold-Hawkish
478,1984-05-21,1,10.32,9.91,11.23,Hawkish
479,1984-07-16,1,11.23,10.32,11.64,Hawkish
480,1984-08-21,1,11.64,11.23,9.99,Hawkish
481,1984-10-02,1,9.99,11.64,9.43,Doveish
482,1984-11-07,1,9.43,9.99,8.38,Doveish
483,1984-12-17,1,8.38,9.43,8.35,Doveish
484,1985-01-18,0,8.35,8.38,8.5,Hold-Hawkish
485,1985-02-12,1,8.5,8.35,8.58,Hawkish
486,1985-03-26,1,8.58,8.5,7.97,Hold-Doveish
487,1985-05-21,1,7.97,8.58,7.88,Doveish
488,1985-07-09,1,7.88,7.97,7.9,Hold-Hawkish
489,1985-08-20,1,7.9,7.88,7.92,Hold-Hawkish
490,1985-09-23,0,7.92,7.9,7.99,Hold-Hawkish
491,1985-10-01,1,7.99,7.92,8.05,Hold-Hawkish
492,1985-11-04,1,8.05,7.99,8.27,Hold-Hawkish
493,1985-12-16,1,8.27,8.05,7.86,Hawkish
494,1986-02-11,1,7.86,8.27,6.99,Doveish
495,1986-04-01,1,6.99,7.86,6.99,Doveish
496,1986-04-21,0,6.99,6.99,6.85,Hold-Doveish
497,1986-05-20,1,6.85,6.99,6.56,Doveish
498,1986-07-08,1,6.56,6.85,6.17,Doveish
499,1986-08-19,1,6.17,6.56,5.89,Doveish
500,1986-09-23,1,5.89,6.17,6.04,Doveish
501,1986-11-05,1,6.04,5.89,6.91,Hawkish
502,1986-12-15,1,6.91,6.04,6.1,Hawkish
503,1987-02-10,1,6.1,6.91,6.1,Doveish
504,1987-02-23,0,6.1,6.1,6.13,Hold-Hawkish
505,1987-03-31,1,6.13,6.1,6.37,Hold-Hawkish
506,1987-04-29,0,6.37,6.13,6.85,Hawkish
507,1987-05-19,1,6.85,6.37,6.58,Hawkish
508,1987-07-07,1,6.58,6.85,6.73,Doveish
509,1987-08-18,1,6.73,6.58,7.22,Hawkish
510,1987-09-22,1,7.22,6.73,7.29,Hawkish
511,1987-10-19,0,7.29,7.22,7.29,Hold
512,1987-10-20,0,7.29,7.29,7.29,Hold
513,1987-10-21,0,7.29,7.29,7.29,Hold
514,1987-10-22,0,7.29,7.29,7.29,Hold
515,1987-10-23,0,7.29,7.29,7.29,Hold
516,1987-10-26,0,7.29,7.29,7.29,Hold
517,1987-10-27,0,7.29,7.29,7.29,Hold
518,1987-10-28,0,7.29,7.29,7.29,Hold
519,1987-10-29,0,7.29,7.29,7.29,Hold
520,1987-10-30,0,7.29,7.29,6.69,Hold-Doveish
521,1987-11-03,1,6.69,7.29,6.77,Doveish
522,1987-12-15,1,6.77,6.69,6.83,Hold-Hawkish
523,1988-01-05,0,6.83,6.77,6.58,Hold-Doveish
524,1988-02-09,1,6.58,6.83,6.58,Doveish
525,1988-03-29,1,6.58,6.58,7.09,Hold-Hawkish
526,1988-05-17,1,7.09,6.58,7.51,Hawkish
527,1988-06-29,1,7.51,7.09,7.75,Hawkish
528,1988-07-19,0,7.75,7.51,8.01,Hawkish
529,1988-08-16,1,8.01,7.75,8.19,Hawkish
530,1988-09-20,1,8.19,8.01,8.3,Hawkish
531,1988-10-17,0,8.3,8.19,8.35,Hawkish
532,1988-11-01,1,8.35,8.3,8.35,Hold
533,1988-11-22,0,8.35,8.35,8.76,Hold-Hawkish
534,1988-12-13,1,8.76,8.35,9.36,Hawkish
535,1989-02-07,1,9.36,8.76,9.85,Hawkish
536,1989-03-28,1,9.85,9.36,9.81,Hawkish
537,1989-05-16,1,9.81,9.85,9.81,Hold
538,1989-05-31,0,9.81,9.81,9.53,Hold-Doveish
539,1989-06-05,0,9.53,9.81,9.24,Doveish
540,1989-07-05,1,9.24,9.53,9.24,Doveish
541,1989-07-26,0,9.24,9.24,8.99,Hold-Doveish
542,1989-08-22,1,8.99,9.24,8.84,Doveish
543,1989-10-03,1,8.84,8.99,8.84,Doveish
544,1989-10-16,0,8.84,8.84,8.84,Hold
545,1989-10-17,0,8.84,8.84,8.84,Hold
546,1989-10-18,0,8.84,8.84,8.55,Hold-Doveish
547,1989-11-14,1,8.55,8.84,8.45,Doveish
548,1989-12-18,1,8.45,8.55,8.24,Doveish
549,1990-02-06,1,8.24,8.45,8.28,Doveish
550,1990-03-27,1,8.28,8.24,8.26,Hold-Doveish
551,1990-04-11,0,8.26,8.28,8.18,Hold-Doveish
552,1990-05-15,1,8.18,8.26,8.15,Hold-Doveish
553,1990-07-02,1,8.15,8.18,8.13,Hold-Doveish
554,1990-08-21,1,8.13,8.15,8.2,Hold-Hawkish
555,1990-09-07,0,8.2,8.13,8.2,Hold
556,1990-09-17,0,8.2,8.2,8.11,Hold-Doveish
557,1990-10-02,1,8.11,8.2,7.81,Hold-Doveish
558,1990-11-13,1,7.81,8.11,7.31,Doveish
559,1990-12-07,0,7.31,7.81,7.31,Doveish
560,1990-12-18,1,7.31,7.31,6.91,Hold-Doveish
561,1991-01-09,0,6.91,7.31,6.25,Doveish
562,1991-02-01,0,6.25,6.91,6.25,Doveish
563,1991-02-05,1,6.25,6.25,6.12,Hold-Doveish
564,1991-03-26,1,6.12,6.25,5.91,Doveish
565,1991-04-12,0,5.91,6.12,5.91,Doveish
566,1991-04-30,0,5.91,5.91,5.78,Hold-Doveish
567,1991-05-01,0,5.78,5.91,5.78,Doveish
568,1991-05-14,1,5.78,5.78,5.9,Hold-Hawkish
569,1991-06-10,0,5.9,5.78,5.9,Hawkish
570,1991-06-24,0,5.9,5.9,5.82,Hold-Doveish
571,1991-07-02,1,5.82,5.9,5.66,Hold-Doveish
572,1991-08-05,0,5.66,5.82,5.66,Doveish
573,1991-08-20,1,5.66,5.66,5.45,Hold-Doveish
574,1991-09-13,0,5.45,5.66,5.21,Doveish
575,1991-10-01,1,5.21,5.45,5.21,Doveish
576,1991-10-30,0,5.21,5.21,4.81,Hold-Doveish
577,1991-11-05,1,4.81,5.21,4.43,Doveish
578,1991-12-02,0,4.43,4.81,4.43,Doveish
579,1991-12-17,1,4.43,4.43,4.03,Hold-Doveish
580,1992-01-09,0,4.03,4.43,4.06,Doveish
581,1992-02-04,1,4.06,4.03,3.98,Hold-Doveish
582,1992-03-11,0,3.98,4.06,3.98,Hold
583,1992-03-31,1,3.98,3.98,3.82,Hold-Doveish
584,1992-05-19,1,3.82,3.98,3.76,Doveish
585,1992-06-30,1,3.76,3.82,3.25,Hold-Doveish
586,1992-07-02,0,3.25,3.76,3.3,Doveish
587,1992-08-18,1,3.3,3.25,3.1,Hold-Doveish
588,1992-10-06,1,3.1,3.3,3.09,Doveish
589,1992-11-17,1,3.09,3.1,2.92,Hold-Doveish
590,1992-12-14,0,2.92,3.09,2.92,Doveish
591,1992-12-22,1,2.92,2.92,3.02,Hold-Hawkish
592,1993-01-06,0,3.02,2.92,3.03,Hawkish
593,1993-02-02,1,3.03,3.02,3.03,Hold
594,1993-02-18,0,3.03,3.03,3.07,Hold-Hawkish
595,1993-03-01,0,3.07,3.03,3.07,Hold
596,1993-03-23,1,3.07,3.07,3.0,Hold-Doveish
597,1993-05-18,1,3.0,3.07,3.06,Hold-Hawkish
598,1993-07-06,1,3.06,3.0,3.03,Hold-Doveish
599,1993-08-17,1,3.03,3.06,3.09,Hold-Hawkish
600,1993-09-21,1,3.09,3.03,2.99,Hold-Doveish
601,1993-10-05,0,2.99,3.09,2.99,Hold
602,1993-10-15,0,2.99,2.99,2.99,Hold
603,1993-10-22,0,2.99,2.99,3.02,Hold-Hawkish
604,1993-11-09,0,3.02,2.99,3.02,Hold
605,1993-11-10,0,3.02,3.02,3.02,Hold
606,1993-11-16,1,3.02,3.02,2.96,Hold-Doveish
607,1993-12-21,1,2.96,3.02,3.25,Hold-Hawkish
608,1994-02-03,1,3.25,2.96,3.25,Hawkish
609,1994-02-28,0,3.25,3.25,3.34,Hold-Hawkish
610,1994-03-22,1,3.34,3.25,3.34,Hold
611,1994-03-24,0,3.34,3.34,3.56,Hold-Hawkish
612,1994-04-18,0,3.56,3.34,4.01,Hawkish
613,1994-05-17,1,4.01,3.56,4.26,Hawkish
614,1994-07-05,1,4.26,4.01,4.26,Hawkish
615,1994-07-20,0,4.26,4.26,4.47,Hold-Hawkish
616,1994-08-16,1,4.47,4.26,4.73,Hawkish
617,1994-09-27,1,4.73,4.47,5.29,Hawkish
618,1994-11-15,1,5.29,4.73,5.45,Hawkish
619,1994-12-20,1,5.45,5.29,5.45,Hawkish
620,1994-12-30,0,5.45,5.45,5.53,Hold-Hawkish
621,1995-01-13,0,5.53,5.45,5.53,Hold
622,1995-01-31,1,5.53,5.53,5.98,Hold-Hawkish
623,1995-03-10,0,5.98,5.53,5.98,Hawkish
624,1995-03-28,1,5.98,5.98,6.05,Hold-Hawkish
625,1995-04-28,0,6.05,5.98,6.01,Hold-Doveish
626,1995-05-23,1,6.01,6.05,5.85,Hold-Doveish
627,1995-07-05,1,5.85,6.01,5.74,Doveish
628,1995-08-22,1,5.74,5.85,5.8,Doveish
629,1995-09-26,1,5.8,5.74,5.8,Hold
630,1995-11-15,1,5.8,5.8,5.6,Hold-Doveish
631,1995-12-19,1,5.6,5.8,5.56,Doveish
632,1996-01-30,1,5.56,5.6,5.31,Hold-Doveish
633,1996-03-26,1,5.31,5.56,5.24,Doveish
634,1996-05-21,1,5.24,5.31,5.4,Hold-Hawkish
635,1996-07-02,1,5.4,5.24,5.22,Hawkish
636,1996-08-20,1,5.22,5.4,5.3,Doveish
637,1996-09-24,1,5.3,5.22,5.31,Hold-Hawkish
638,1996-11-13,1,5.31,5.3,5.29,Hold-Doveish
639,1996-12-17,1,5.29,5.31,5.19,Hold-Doveish
640,1997-02-04,1,5.19,5.29,5.39,Hold-Hawkish
641,1997-03-25,1,5.39,5.19,5.5,Hawkish
642,1997-05-20,1,5.5,5.39,5.52,Hawkish
643,1997-07-01,1,5.52,5.5,5.54,Hold-Hawkish
644,1997-08-19,1,5.54,5.52,5.54,Hold
645,1997-09-30,1,5.54,5.54,5.52,Hold-Doveish
646,1997-11-12,1,5.52,5.54,5.5,Hold-Doveish
647,1997-12-16,1,5.5,5.52,5.51,Hold-Hawkish
648,1998-02-03,1,5.51,5.5,5.49,Hold-Doveish
649,1998-03-31,1,5.49,5.51,5.49,Hold
650,1998-05-19,1,5.49,5.49,5.56,Hold-Hawkish
651,1998-06-30,1,5.56,5.49,5.55,Hold-Doveish
652,1998-08-18,1,5.55,5.56,5.51,Hold-Doveish
653,1998-09-21,0,5.51,5.55,5.51,Hold
654,1998-09-29,1,5.51,5.51,5.07,Hold-Doveish
655,1998-10-15,0,5.07,5.51,4.83,Doveish
656,1998-11-17,1,4.83,5.07,4.68,Doveish
657,1998-12-22,1,4.68,4.83,4.76,Doveish
658,1999-02-02,1,4.76,4.68,4.81,Hold-Hawkish
659,1999-03-30,1,4.81,4.76,4.74,Hold-Doveish
660,1999-05-18,1,4.74,4.81,4.76,Hold-Hawkish
661,1999-06-29,1,4.76,4.74,5.07,Hold-Hawkish
662,1999-08-24,1,5.07,4.76,5.2,Hawkish
663,1999-10-05,1,5.2,5.07,5.42,Hawkish
664,1999-11-16,1,5.42,5.2,5.3,Hawkish
665,1999-12-21,1,5.3,5.42,5.73,Doveish
666,2000-02-01,1,5.73,5.3,5.85,Hawkish
667,2000-03-21,1,5.85,5.73,6.27,Hawkish
668,2000-05-16,1,6.27,5.85,6.53,Hawkish
669,2000-06-27,1,6.53,6.27,6.5,Hawkish
670,2000-08-22,1,6.5,6.53,6.51,Hold-Hawkish
671,2000-10-03,1,6.51,6.5,6.51,Hold
672,2000-11-15,1,6.51,6.51,6.4,Hold-Doveish
673,2000-12-19,1,6.4,6.51,5.98,Doveish
674,2001-01-03,0,5.98,6.4,5.98,Doveish
675,2001-01-30,1,5.98,5.98,5.31,Hold-Doveish
676,2001-03-20,1,5.31,5.98,4.8,Doveish
677,2001-04-11,0,4.8,5.31,4.8,Doveish
678,2001-04-18,0,4.8,4.8,4.21,Hold-Doveish
679,2001-05-15,1,4.21,4.8,3.97,Doveish
680,2001-06-26,1,3.97,4.21,3.65,Doveish
681,2001-08-21,1,3.65,3.97,3.07,Doveish
682,2001-09-13,0,3.07,3.65,3.07,Doveish
683,2001-09-17,0,3.07,3.07,2.49,Hold-Doveish
684,2001-10-02,1,2.49,3.07,2.09,Doveish
685,2001-11-06,1,2.09,2.49,1.82,Doveish
686,2001-12-11,1,1.82,2.09,1.73,Doveish
687,2002-01-29,1,1.73,1.82,1.73,Hold
688,2002-03-19,1,1.73,1.73,1.75,Hold-Hawkish
689,2002-05-07,1,1.75,1.73,1.75,Hold
690,2002-06-25,1,1.75,1.75,1.74,Hold-Doveish
691,2002-08-13,1,1.74,1.75,1.75,Hold-Hawkish
692,2002-09-24,1,1.75,1.74,1.34,Hold-Doveish
693,2002-11-06,1,1.34,1.75,1.24,Doveish
694,2002-12-10,1,1.24,1.34,1.24,Doveish
695,2003-01-28,1,1.24,1.24,1.25,Hold-Hawkish
696,2003-03-18,1,1.25,1.24,1.25,Hold
697,2003-03-25,0,1.25,1.25,1.26,Hold-Hawkish
698,2003-04-01,0,1.26,1.25,1.26,Hold
699,2003-04-08,0,1.26,1.26,1.26,Hold
700,2003-04-16,0,1.26,1.26,1.26,Hold
701,2003-05-06,1,1.26,1.26,1.22,Hold-Doveish
702,2003-06-24,1,1.22,1.26,1.03,Hold-Doveish
703,2003-08-12,1,1.03,1.22,1.01,Doveish
704,2003-09-15,0,1.01,1.03,1.01,Hold
705,2003-09-16,1,1.01,1.01,1.01,Hold
706,2003-10-28,1,1.01,1.01,0.98,Hold-Doveish
707,2003-12-09,1,0.98,1.01,1.0,Hold-Hawkish
708,2004-01-27,1,1.0,0.98,1.0,Hold
709,2004-03-16,1,1.0,1.0,1.0,Hold
710,2004-05-04,1,1.0,1.0,1.03,Hold-Hawkish
711,2004-06-29,1,1.03,1.0,1.43,Hold-Hawkish
712,2004-08-10,1,1.43,1.03,1.61,Hawkish
713,2004-09-21,1,1.61,1.43,1.93,Hawkish
714,2004-11-10,1,1.93,1.61,2.16,Hawkish
715,2004-12-14,1,2.16,1.93,2.5,Hawkish
716,2005-02-01,1,2.5,2.16,2.63,Hawkish
717,2005-03-22,1,2.63,2.5,3.0,Hawkish
718,2005-05-03,1,3.0,2.63,3.04,Hawkish
719,2005-06-29,1,3.04,3.0,3.5,Hold-Hawkish
720,2005-08-09,1,3.5,3.04,3.62,Hawkish
721,2005-09-20,1,3.62,3.5,4.0,Hawkish
722,2005-11-01,1,4.0,3.62,4.16,Hawkish
723,2005-12-13,1,4.16,4.0,4.29,Hawkish
724,2006-01-31,1,4.29,4.16,4.59,Hawkish
725,2006-03-27,1,4.59,4.29,4.94,Hawkish
726,2006-05-10,1,4.94,4.59,4.99,Hawkish
727,2006-06-28,1,4.99,4.94,5.25,Hold-Hawkish
728,2006-08-08,1,5.25,4.99,5.25,Hawkish
729,2006-09-20,1,5.25,5.25,5.25,Hold
730,2006-10-24,1,5.25,5.25,5.24,Hold-Doveish
731,2006-12-12,1,5.24,5.25,5.25,Hold-Hawkish
732,2007-01-30,1,5.25,5.24,5.26,Hold-Hawkish
733,2007-03-20,1,5.26,5.25,5.25,Hold-Doveish
734,2007-05-09,1,5.25,5.26,5.25,Hold
735,2007-06-27,1,5.25,5.25,5.02,Hold-Doveish
736,2007-08-07,1,5.02,5.25,5.02,Doveish
737,2007-08-10,0,5.02,5.02,5.02,Hold
738,2007-08-16,0,5.02,5.02,4.94,Hold-Doveish
739,2007-09-18,1,4.94,5.02,4.76,Hold-Doveish
740,2007-10-30,1,4.76,4.94,4.24,Doveish
741,2007-12-06,0,4.24,4.76,4.24,Doveish
742,2007-12-11,1,4.24,4.24,3.94,Hold-Doveish
743,2008-01-09,0,3.94,4.24,3.94,Doveish
744,2008-01-21,0,3.94,3.94,3.94,Hold
745,2008-01-29,1,3.94,3.94,2.61,Hold-Doveish
746,2008-03-10,0,2.61,3.94,2.61,Doveish
747,2008-03-18,1,2.61,2.61,2.28,Hold-Doveish
748,2008-04-29,1,2.28,2.61,2.0,Doveish
749,2008-06-24,1,2.0,2.28,2.01,Doveish
750,2008-07-24,0,2.01,2.0,2.0,Hold-Doveish
751,2008-08-05,1,2.0,2.01,1.81,Hold-Doveish
752,2008-09-16,1,1.81,2.0,1.81,Doveish
753,2008-09-29,0,1.81,1.81,0.97,Hold-Doveish
754,2008-10-07,0,0.97,1.81,0.97,Doveish
755,2008-10-28,1,0.97,0.97,0.16,Hold-Doveish
756,2008-12-15,1,0.16,0.97,0.15,Doveish
757,2009-01-16,0,0.15,0.16,0.15,Hold
758,2009-01-27,1,0.15,0.15,0.22,Hold-Hawkish
759,2009-02-07,0,0.22,0.15,0.18,Hold-Doveish
760,2009-03-17,1,0.18,0.22,0.15,Hold-Doveish
761,2009-04-28,1,0.15,0.18,0.21,Hold-Hawkish
762,2009-06-03,0,0.21,0.15,0.21,Hold
763,2009-06-23,1,0.21,0.21,0.16,Hold-Doveish
764,2009-08-11,1,0.16,0.21,0.15,Hold-Doveish
765,2009-09-22,1,0.15,0.16,0.12,Hold-Doveish
766,2009-11-03,1,0.12,0.15,0.12,Hold
767,2009-12-15,1,0.12,0.12,0.11,Hold-Doveish
768,2010-01-26,1,0.11,0.12,0.16,Hold-Hawkish
769,2010-03-16,1,0.16,0.11,0.2,Hold-Hawkish
770,2010-04-27,1,0.2,0.16,0.2,Hold
771,2010-05-09,0,0.2,0.2,0.18,Hold-Doveish
772,2010-06-22,1,0.18,0.2,0.19,Hold-Hawkish
773,2010-08-10,1,0.19,0.18,0.19,Hold
774,2010-09-21,1,0.19,0.19,0.19,Hold
775,2010-10-15,0,0.19,0.19,0.19,Hold
776,2010-11-02,1,0.19,0.19,0.18,Hold-Doveish
777,2010-12-14,1,0.18,0.19,0.17,Hold-Doveish
778,2011-01-25,1,0.17,0.18,0.14,Hold-Doveish
779,2011-03-15,1,0.14,0.17,0.1,Hold-Doveish
780,2011-04-26,1,0.1,0.14,0.09,Hold-Doveish
781,2011-06-21,1,0.09,0.1,0.1,Hold-Hawkish
782,2011-08-01,0,0.1,0.09,0.1,Hold
783,2011-08-09,1,0.1,0.1,0.08,Hold-Doveish
784,2011-09-20,1,0.08,0.1,0.08,Hold
785,2011-11-01,1,0.08,0.08,0.08,Hold
786,2011-11-28,0,0.08,0.08,0.07,Hold-Doveish
787,2011-12-13,1,0.07,0.08,0.08,Hold-Hawkish
788,2012-01-24,1,0.08,0.07,0.13,Hold-Hawkish
789,2012-03-13,1,0.13,0.08,0.14,Hold-Hawkish
790,2012-04-24,1,0.14,0.13,0.16,Hold-Hawkish
791,2012-06-19,1,0.16,0.14,0.16,Hold
792,2012-07-31,1,0.16,0.16,0.14,Hold-Doveish
793,2012-09-12,1,0.14,0.16,0.16,Hold-Hawkish
794,2012-10-23,1,0.16,0.14,0.16,Hold
795,2012-12-11,1,0.16,0.16,0.14,Hold-Doveish
796,2013-01-29,1,0.14,0.16,0.14,Hold
797,2013-03-19,1,0.14,0.14,0.15,Hold-Hawkish
798,2013-04-30,1,0.15,0.14,0.09,Hold-Doveish
799,2013-06-18,1,0.09,0.15,0.09,Hold
800,2013-07-30,1,0.09,0.09,0.08,Hold-Doveish
801,2013-09-17,1,0.08,0.09,0.09,Hold-Hawkish
802,2013-10-16,0,0.09,0.08,0.09,Hold
803,2013-10-29,1,0.09,0.09,0.09,Hold
804,2013-12-17,1,0.09,0.09,0.07,Hold-Doveish
805,2014-01-28,1,0.07,0.09,0.08,Hold-Hawkish
806,2014-03-04,0,0.08,0.07,0.08,Hold
807,2014-03-18,1,0.08,0.08,0.09,Hold-Hawkish
808,2014-04-29,1,0.09,0.08,0.1,Hold-Hawkish
809,2014-06-17,1,0.1,0.09,0.09,Hold-Doveish
810,2014-07-29,1,0.09,0.1,0.09,Hold
811,2014-09-16,1,0.09,0.09,0.09,Hold
812,2014-10-28,1,0.09,0.09,0.12,Hold-Hawkish
813,2014-12-16,1,0.12,0.09,0.11,Hold-Doveish
814,2015-01-27,1,0.11,0.12,0.11,Hold
815,2015-03-17,1,0.11,0.11,0.12,Hold-Hawkish
816,2015-04-28,1,0.12,0.11,0.13,Hold-Hawkish
817,2015-06-16,1,0.13,0.12,0.13,Hold
818,2015-07-28,1,0.13,0.13,0.14,Hold-Hawkish
819,2015-09-16,1,0.14,0.13,0.12,Hold-Doveish
820,2015-10-27,1,0.12,0.14,0.24,Hold-Hawkish
821,2015-12-15,1,0.24,0.12,0.34,Hawkish
822,2016-01-26,1,0.34,0.24,0.36,Hawkish
823,2016-03-15,1,0.36,0.34,0.37,Hold-Hawkish
824,2016-04-26,1,0.37,0.36,0.38,Hold-Hawkish
825,2016-06-14,1,0.38,0.37,0.39,Hold-Hawkish
826,2016-07-26,1,0.39,0.38,0.4,Hold-Hawkish
827,2016-09-20,1,0.4,0.39,0.41,Hold-Hawkish
828,2016-11-01,1,0.41,0.4,0.54,Hold-Hawkish
829,2016-12-13,1,0.54,0.41,0.65,Hawkish
830,2017-01-31,1,0.65,0.54,0.79,Hawkish
831,2017-03-14,1,0.79,0.65,0.91,Hawkish
832,2017-05-02,1,0.91,0.79,1.04,Hawkish
833,2017-06-13,1,1.04,0.91,1.15,Hawkish
834,2017-07-25,1,1.15,1.04,1.15,Hawkish
835,2017-09-19,1,1.15,1.15,1.15,Hold
836,2017-10-31,1,1.15,1.15,1.3,Hold-Hawkish
837,2017-12-12,1,1.3,1.15,1.41,Hawkish
838,2018-01-30,1,1.41,1.3,1.51,Hawkish
839,2018-03-20,1,1.51,1.41,1.7,Hawkish
840,2018-05-01,1,1.7,1.51,1.82,Hawkish
841,2018-06-12,1,1.82,1.7,1.91,Hawkish
842,2018-07-31,1,1.91,1.82,1.95,Hold-Hawkish
843,2018-09-25,1,1.95,1.91,2.2,Hold-Hawkish
844,2018-11-07,1,2.2,1.95,2.27,Hawkish
845,2018-12-18,1,2.27,2.2,2.4,Hold-Hawkish
846,2019-01-09,1,2.4,2.27,2.41,Hawkish
847,2019-03-19,1,2.41,2.4,2.42,Hold-Hawkish
848,2019-04-30,1,2.42,2.41,2.38,Hold-Doveish
849,2019-06-18,1,2.38,2.42,2.4,Hold-Hawkish
850,2019-07-30,1,2.4,2.38,2.04,Hold-Doveish
851,2019-09-17,1,2.04,2.4,1.83,Doveish
852,2019-10-04,0,1.83,2.04,1.83,Doveish
853,2019-10-29,1,1.83,1.83,1.55,Hold-Doveish
854,2019-12-10,1,1.55,1.83,1.55,Doveish
855,2020-01-28,1,1.55,1.55,,Hold
